{"Estonia": 14759.47137, "Luxembourg": 14695.69977, "Netherlands": 11601.47373, "Sweden": 5296.85373}